n,tree_type,height,build_duration_seconds,destroy_duration_seconds
0,BST,-1,0.000001,0.000001
0,OST,-1,0.000001,0.000000
0,BST,-1,0.000001,0.000001
0,OST,-1,0.000001,0.000000
0,BST,-1,0.000001,0.000001
0,OST,-1,0.000000,0.000001
0,BST,-1,0.000001,0.000001
0,OST,-1,0.000000,0.000001
0,BST,-1,0.000001,0.000001
0,OST,-1,0.000001,0.000001
0,BST,-1,0.000001,0.000001
0,OST,-1,0.000001,0.000000
0,BST,-1,0.000001,0.000001
0,OST,-1,0.000001,0.000001
0,BST,-1,0.000001,0.000001
0,OST,-1,0.000000,0.000001
0,BST,-1,0.000001,0.000001
0,OST,-1,0.000001,0.000000
0,BST,-1,0.000001,0.000001
0,OST,-1,0.000001,0.000000
100,BST,11,0.000006,0.000003
100,OST,11,0.000006,0.000003
100,BST,11,0.000006,0.000003
100,OST,11,0.000005,0.000003
100,BST,11,0.000006,0.000003
100,OST,11,0.000006,0.000003
100,BST,11,0.000006,0.000003
100,OST,11,0.000006,0.000002
100,BST,11,0.000006,0.000003
100,OST,11,0.000019,0.000003
100,BST,11,0.000006,0.000002
100,OST,11,0.000005,0.000003
100,BST,11,0.000006,0.000003
100,OST,11,0.000005,0.000003
100,BST,11,0.000006,0.000003
100,OST,11,0.000005,0.000003
100,BST,11,0.000005,0.000003
100,OST,11,0.000006,0.000003
100,BST,11,0.000006,0.000003
100,OST,11,0.000005,0.000002
200,BST,13,0.000012,0.000005
200,OST,13,0.000012,0.000005
200,BST,13,0.000012,0.000004
200,OST,13,0.000012,0.000005
200,BST,13,0.000012,0.000005
200,OST,13,0.000012,0.000004
200,BST,13,0.000011,0.000005
200,OST,13,0.000012,0.000004
200,BST,13,0.000011,0.000005
200,OST,13,0.000012,0.000005
200,BST,13,0.000012,0.000004
200,OST,13,0.000012,0.000004
200,BST,13,0.000012,0.000005
200,OST,13,0.000012,0.000004
200,BST,13,0.000012,0.000005
200,OST,13,0.000012,0.000004
200,BST,13,0.000012,0.000005
200,OST,13,0.000012,0.000005
200,BST,13,0.000025,0.000005
200,OST,13,0.000013,0.000005
300,BST,14,0.000019,0.000008
300,OST,14,0.000019,0.000008
300,BST,14,0.000019,0.000008
300,OST,14,0.000019,0.000007
300,BST,14,0.000019,0.000008
300,OST,14,0.000019,0.000007
300,BST,14,0.000019,0.000007
300,OST,14,0.000019,0.000008
300,BST,14,0.000018,0.000010
300,OST,14,0.000021,0.000025
300,BST,14,0.000018,0.000007
300,OST,14,0.000019,0.000008
300,BST,14,0.000018,0.000007
300,OST,14,0.000019,0.000008
300,BST,14,0.000018,0.000023
300,OST,14,0.000019,0.000021
300,BST,14,0.000018,0.000008
300,OST,14,0.000020,0.000008
300,BST,14,0.000019,0.000008
300,OST,14,0.000019,0.000008
400,BST,19,0.000026,0.000012
400,OST,19,0.000027,0.000011
400,BST,19,0.000026,0.000012
400,OST,19,0.000026,0.000012
400,BST,19,0.000025,0.000012
400,OST,19,0.000027,0.000012
400,BST,19,0.000026,0.000012
400,OST,19,0.000026,0.000011
400,BST,19,0.000025,0.000012
400,OST,19,0.000027,0.000012
400,BST,19,0.000026,0.000012
400,OST,19,0.000040,0.000012
400,BST,19,0.000026,0.000012
400,OST,19,0.000039,0.000011
400,BST,19,0.000025,0.000012
400,OST,19,0.000026,0.000012
400,BST,19,0.000025,0.000012
400,OST,19,0.000027,0.000012
400,BST,19,0.000025,0.000011
400,OST,19,0.000026,0.000012
500,BST,19,0.000033,0.000012
500,OST,19,0.000035,0.000013
500,BST,19,0.000033,0.000013
500,OST,19,0.000036,0.000014
500,BST,19,0.000034,0.000012
500,OST,19,0.000035,0.000013
500,BST,19,0.000034,0.000012
500,OST,19,0.000035,0.000013
500,BST,19,0.000033,0.000012
500,OST,19,0.000035,0.000013
500,BST,19,0.000034,0.000012
500,OST,19,0.000035,0.000013
500,BST,19,0.000033,0.000013
500,OST,19,0.000036,0.000014
500,BST,19,0.000033,0.000012
500,OST,19,0.000035,0.000012
500,BST,19,0.000033,0.000012
500,OST,19,0.000035,0.000013
500,BST,19,0.000033,0.000012
500,OST,19,0.000036,0.000013
600,BST,20,0.000040,0.000015
600,OST,20,0.000041,0.000016
600,BST,20,0.000040,0.000015
600,OST,20,0.000069,0.000016
600,BST,20,0.000052,0.000015
600,OST,20,0.000041,0.000016
600,BST,20,0.000039,0.000015
600,OST,20,0.000054,0.000016
600,BST,20,0.000074,0.000016
600,OST,20,0.000057,0.000016
600,BST,20,0.000040,0.000015
600,OST,20,0.000041,0.000016
600,BST,20,0.000039,0.000015
600,OST,20,0.000042,0.000016
600,BST,20,0.000039,0.000015
600,OST,20,0.000042,0.000016
600,BST,20,0.000040,0.000015
600,OST,20,0.000042,0.000016
600,BST,20,0.000040,0.000015
600,OST,20,0.000042,0.000025
700,BST,15,0.000047,0.000016
700,OST,15,0.000049,0.000016
700,BST,15,0.000046,0.000015
700,OST,15,0.000048,0.000016
700,BST,15,0.000089,0.000015
700,OST,15,0.000048,0.000016
700,BST,15,0.000046,0.000015
700,OST,15,0.000048,0.000028
700,BST,15,0.000046,0.000016
700,OST,15,0.000049,0.000016
700,BST,15,0.000058,0.000015
700,OST,15,0.000049,0.000015
700,BST,15,0.000046,0.000015
700,OST,15,0.000048,0.000016
700,BST,15,0.000046,0.000015
700,OST,15,0.000049,0.000016
700,BST,15,0.000047,0.000015
700,OST,15,0.000049,0.000017
700,BST,15,0.000060,0.000015
700,OST,15,0.000049,0.000016
800,BST,21,0.000054,0.000018
800,OST,21,0.000058,0.000020
800,BST,21,0.000055,0.000018
800,OST,21,0.000057,0.000020
800,BST,21,0.000055,0.000019
800,OST,21,0.000058,0.000020
800,BST,21,0.000054,0.000018
800,OST,21,0.000058,0.000019
800,BST,21,0.000055,0.000019
800,OST,21,0.000058,0.000020
800,BST,21,0.000053,0.000018
800,OST,21,0.000057,0.000020
800,BST,21,0.000054,0.000018
800,OST,21,0.000057,0.000019
800,BST,21,0.000054,0.000019
800,OST,21,0.000058,0.000020
800,BST,21,0.000054,0.000020
800,OST,21,0.000058,0.000021
800,BST,21,0.000055,0.000019
800,OST,21,0.000058,0.000020
900,BST,18,0.000063,0.000020
900,OST,18,0.000068,0.000021
900,BST,18,0.000063,0.000020
900,OST,18,0.000067,0.000021
900,BST,18,0.000062,0.000020
900,OST,18,0.000066,0.000021
900,BST,18,0.000062,0.000020
900,OST,18,0.000066,0.000021
900,BST,18,0.000092,0.000020
900,OST,18,0.000081,0.000021
900,BST,18,0.000062,0.000020
900,OST,18,0.000067,0.000021
900,BST,18,0.000062,0.000019
900,OST,18,0.000066,0.000022
900,BST,18,0.000061,0.000019
900,OST,18,0.000066,0.000020
900,BST,18,0.000061,0.000020
900,OST,18,0.000065,0.000021
900,BST,18,0.000061,0.000020
900,OST,18,0.000065,0.000021
1000,BST,22,0.000144,0.000025
1000,OST,22,0.000092,0.000027
1000,BST,22,0.000073,0.000027
1000,OST,22,0.000078,0.000054
1000,BST,22,0.000086,0.000025
1000,OST,22,0.000078,0.000027
1000,BST,22,0.000073,0.000025
1000,OST,22,0.000077,0.000027
1000,BST,22,0.000073,0.000025
1000,OST,22,0.000077,0.000026
1000,BST,22,0.000072,0.000025
1000,OST,22,0.000078,0.000027
1000,BST,22,0.000074,0.000025
1000,OST,22,0.000078,0.000027
1000,BST,22,0.000083,0.000025
1000,OST,22,0.000078,0.000027
1000,BST,22,0.000073,0.000025
1000,OST,22,0.000077,0.000027
1000,BST,22,0.000073,0.000024
1000,OST,22,0.000077,0.000026
1100,BST,18,0.000080,0.000025
1100,OST,18,0.000086,0.000044
1100,BST,18,0.000081,0.000027
1100,OST,18,0.000086,0.000029
1100,BST,18,0.000080,0.000026
1100,OST,18,0.000085,0.000028
1100,BST,18,0.000092,0.000026
1100,OST,18,0.000087,0.000029
1100,BST,18,0.000081,0.000027
1100,OST,18,0.000086,0.000029
1100,BST,18,0.000080,0.000027
1100,OST,18,0.000086,0.000028
1100,BST,18,0.000138,0.000027
1100,OST,18,0.000101,0.000039
1100,BST,18,0.000080,0.000027
1100,OST,18,0.000085,0.000029
1100,BST,18,0.000092,0.000025
1100,OST,18,0.000085,0.000028
1100,BST,18,0.000092,0.000026
1100,OST,18,0.000083,0.000028
1200,BST,20,0.000092,0.000046
1200,OST,20,0.000099,0.000034
1200,BST,20,0.000091,0.000031
1200,OST,20,0.000098,0.000077
1200,BST,20,0.000091,0.000032
1200,OST,20,0.000098,0.000033
1200,BST,20,0.000089,0.000031
1200,OST,20,0.000096,0.000033
1200,BST,20,0.000091,0.000031
1200,OST,20,0.000098,0.000033
1200,BST,20,0.000092,0.000031
1200,OST,20,0.000098,0.000033
1200,BST,20,0.000093,0.000032
1200,OST,20,0.000098,0.000033
1200,BST,20,0.000092,0.000032
1200,OST,20,0.000099,0.000033
1200,BST,20,0.000089,0.000031
1200,OST,20,0.000096,0.000033
1200,BST,20,0.000089,0.000031
1200,OST,20,0.000098,0.000033
1300,BST,23,0.000099,0.000063
1300,OST,23,0.000133,0.000049
1300,BST,23,0.000097,0.000034
1300,OST,23,0.000106,0.000035
1300,BST,23,0.000098,0.000034
1300,OST,23,0.000105,0.000036
1300,BST,23,0.000098,0.000032
1300,OST,23,0.000105,0.000035
1300,BST,23,0.000111,0.000033
1300,OST,23,0.000108,0.000034
1300,BST,23,0.000099,0.000033
1300,OST,23,0.000107,0.000036
1300,BST,23,0.000096,0.000033
1300,OST,23,0.000104,0.000034
1300,BST,23,0.000095,0.000032
1300,OST,23,0.000102,0.000034
1300,BST,23,0.000125,0.000034
1300,OST,23,0.000105,0.000036
1300,BST,23,0.000139,0.000047
1300,OST,23,0.000121,0.000036
1400,BST,22,0.000109,0.000058
1400,OST,22,0.000249,0.000044
1400,BST,22,0.000107,0.000030
1400,OST,22,0.000114,0.000031
1400,BST,22,0.000105,0.000029
1400,OST,22,0.000127,0.000031
1400,BST,22,0.000105,0.000030
1400,OST,22,0.000116,0.000031
1400,BST,22,0.000104,0.000029
1400,OST,22,0.000113,0.000031
1400,BST,22,0.000106,0.000029
1400,OST,22,0.000113,0.000030
1400,BST,22,0.000106,0.000029
1400,OST,22,0.000113,0.000031
1400,BST,22,0.000105,0.000028
1400,OST,22,0.000114,0.000031
1400,BST,22,0.000106,0.000030
1400,OST,22,0.000112,0.000031
1400,BST,22,0.000106,0.000030
1400,OST,22,0.000113,0.000031
1500,BST,24,0.000125,0.000042
1500,OST,24,0.000227,0.000057
1500,BST,24,0.000124,0.000041
1500,OST,24,0.000149,0.000043
1500,BST,24,0.000124,0.000040
1500,OST,24,0.000136,0.000041
1500,BST,24,0.000123,0.000040
1500,OST,24,0.000150,0.000042
1500,BST,24,0.000120,0.000039
1500,OST,24,0.000132,0.000041
1500,BST,24,0.000123,0.000039
1500,OST,24,0.000135,0.000042
1500,BST,24,0.000121,0.000039
1500,OST,24,0.000130,0.000041
1500,BST,24,0.000123,0.000040
1500,OST,24,0.000134,0.000042
1500,BST,24,0.000140,0.000083
1500,OST,24,0.000213,0.000043
1500,BST,24,0.000123,0.000040
1500,OST,24,0.000134,0.000042
1600,BST,22,0.000151,0.000045
1600,OST,22,0.000177,0.000034
1600,BST,22,0.000120,0.000033
1600,OST,22,0.000131,0.000034
1600,BST,22,0.000121,0.000056
1600,OST,22,0.000131,0.000050
1600,BST,22,0.000119,0.000046
1600,OST,22,0.000157,0.000034
1600,BST,22,0.000120,0.000033
1600,OST,22,0.000130,0.000035
1600,BST,22,0.000121,0.000074
1600,OST,22,0.000174,0.000035
1600,BST,22,0.000120,0.000044
1600,OST,22,0.000131,0.000036
1600,BST,22,0.000121,0.000034
1600,OST,22,0.000130,0.000035
1600,BST,22,0.000121,0.000032
1600,OST,22,0.000130,0.000035
1600,BST,22,0.000178,0.000031
1600,OST,22,0.000143,0.000033
1700,BST,21,0.000132,0.000033
1700,OST,21,0.000173,0.000035
1700,BST,21,0.000133,0.000032
1700,OST,21,0.000144,0.000034
1700,BST,21,0.000134,0.000032
1700,OST,21,0.000142,0.000044
1700,BST,21,0.000132,0.000061
1700,OST,21,0.000173,0.000048
1700,BST,21,0.000133,0.000032
1700,OST,21,0.000146,0.000036
1700,BST,21,0.000132,0.000032
1700,OST,21,0.000142,0.000033
1700,BST,21,0.000130,0.000032
1700,OST,21,0.000197,0.000056
1700,BST,21,0.000133,0.000032
1700,OST,21,0.000142,0.000035
1700,BST,21,0.000130,0.000030
1700,OST,21,0.000139,0.000033
1700,BST,21,0.000129,0.000032
1700,OST,21,0.000151,0.000033
1800,BST,23,0.000145,0.000108
1800,OST,23,0.000248,0.000097
1800,BST,23,0.000143,0.000060
1800,OST,23,0.000156,0.000050
1800,BST,23,0.000142,0.000044
1800,OST,23,0.000155,0.000049
1800,BST,23,0.000141,0.000044
1800,OST,23,0.000153,0.000048
1800,BST,23,0.000265,0.000045
1800,OST,23,0.000153,0.000048
1800,BST,23,0.000142,0.000045
1800,OST,23,0.000155,0.000048
1800,BST,23,0.000141,0.000049
1800,OST,23,0.000155,0.000051
1800,BST,23,0.000145,0.000046
1800,OST,23,0.000156,0.000049
1800,BST,23,0.000145,0.000046
1800,OST,23,0.000155,0.000049
1800,BST,23,0.000145,0.000045
1800,OST,23,0.000157,0.000050
1900,BST,22,0.000210,0.000050
1900,OST,22,0.000163,0.000106
1900,BST,22,0.000149,0.000049
1900,OST,22,0.000178,0.000051
1900,BST,22,0.000145,0.000048
1900,OST,22,0.000157,0.000050
1900,BST,22,0.000149,0.000059
1900,OST,22,0.000159,0.000051
1900,BST,22,0.000149,0.000048
1900,OST,22,0.000160,0.000052
1900,BST,22,0.000149,0.000049
1900,OST,22,0.000175,0.000052
1900,BST,22,0.000147,0.000048
1900,OST,22,0.000217,0.000051
1900,BST,22,0.000163,0.000048
1900,OST,22,0.000159,0.000062
1900,BST,22,0.000144,0.000047
1900,OST,22,0.000199,0.000050
1900,BST,22,0.000148,0.000049
1900,OST,22,0.000159,0.000052
2000,BST,22,0.000186,0.000044
2000,OST,22,0.000289,0.000048
2000,BST,22,0.000168,0.000044
2000,OST,22,0.000183,0.000047
2000,BST,22,0.000208,0.000043
2000,OST,22,0.000179,0.000047
2000,BST,22,0.000170,0.000045
2000,OST,22,0.000196,0.000046
2000,BST,22,0.000168,0.000045
2000,OST,22,0.000196,0.000047
2000,BST,22,0.000167,0.000045
2000,OST,22,0.000181,0.000048
2000,BST,22,0.000164,0.000083
2000,OST,22,0.000177,0.000048
2000,BST,22,0.000174,0.000043
2000,OST,22,0.000177,0.000047
2000,BST,22,0.000164,0.000044
2000,OST,22,0.000218,0.000047
2000,BST,22,0.000178,0.000046
2000,OST,22,0.000181,0.000046
2100,BST,21,0.000215,0.000053
2100,OST,21,0.000185,0.000057
2100,BST,21,0.000172,0.000067
2100,OST,21,0.000185,0.000059
2100,BST,21,0.000171,0.000054
2100,OST,21,0.000184,0.000058
2100,BST,21,0.000172,0.000055
2100,OST,21,0.000185,0.000059
2100,BST,21,0.000170,0.000055
2100,OST,21,0.000217,0.000059
2100,BST,21,0.000166,0.000054
2100,OST,21,0.000223,0.000057
2100,BST,21,0.000165,0.000053
2100,OST,21,0.000220,0.000072
2100,BST,21,0.000167,0.000054
2100,OST,21,0.000179,0.000085
2100,BST,21,0.000171,0.000066
2100,OST,21,0.000187,0.000060
2100,BST,21,0.000170,0.000069
2100,OST,21,0.000184,0.000071
2200,BST,24,0.000227,0.000053
2200,OST,24,0.000214,0.000057
2200,BST,24,0.000250,0.000054
2200,OST,24,0.000194,0.000058
2200,BST,24,0.000193,0.000053
2200,OST,24,0.000195,0.000057
2200,BST,24,0.000180,0.000067
2200,OST,24,0.000194,0.000058
2200,BST,24,0.000217,0.000102
2200,OST,24,0.000251,0.000081
2200,BST,24,0.000175,0.000052
2200,OST,24,0.000231,0.000055
2200,BST,24,0.000174,0.000052
2200,OST,24,0.000190,0.000055
2200,BST,24,0.000182,0.000054
2200,OST,24,0.000198,0.000058
2200,BST,24,0.000180,0.000053
2200,OST,24,0.000197,0.000056
2200,BST,24,0.000176,0.000052
2200,OST,24,0.000190,0.000054
2300,BST,24,0.000212,0.000046
2300,OST,24,0.000212,0.000049
2300,BST,24,0.000182,0.000046
2300,OST,24,0.000195,0.000049
2300,BST,24,0.000177,0.000059
2300,OST,24,0.000223,0.000073
2300,BST,24,0.000177,0.000045
2300,OST,24,0.000190,0.000047
2300,BST,24,0.000176,0.000045
2300,OST,24,0.000190,0.000048
2300,BST,24,0.000291,0.000044
2300,OST,24,0.000223,0.000047
2300,BST,24,0.000176,0.000045
2300,OST,24,0.000231,0.000049
2300,BST,24,0.000176,0.000062
2300,OST,24,0.000189,0.000075
2300,BST,24,0.000182,0.000058
2300,OST,24,0.000195,0.000049
2300,BST,24,0.000178,0.000044
2300,OST,24,0.000190,0.000047
2400,BST,20,0.000248,0.000055
2400,OST,20,0.000216,0.000059
2400,BST,20,0.000201,0.000056
2400,OST,20,0.000233,0.000059
2400,BST,20,0.000197,0.000056
2400,OST,20,0.000217,0.000059
2400,BST,20,0.000196,0.000055
2400,OST,20,0.000255,0.000059
2400,BST,20,0.000202,0.000055
2400,OST,20,0.000218,0.000060
2400,BST,20,0.000197,0.000053
2400,OST,20,0.000213,0.000058
2400,BST,20,0.000202,0.000067
2400,OST,20,0.000217,0.000070
2400,BST,20,0.000201,0.000054
2400,OST,20,0.000216,0.000059
2400,BST,20,0.000202,0.000056
2400,OST,20,0.000276,0.000059
2400,BST,20,0.000202,0.000054
2400,OST,20,0.000218,0.000059
2500,BST,25,0.000246,0.000068
2500,OST,25,0.000259,0.000072
2500,BST,25,0.000211,0.000068
2500,OST,25,0.000229,0.000072
2500,BST,25,0.000207,0.000120
2500,OST,25,0.000313,0.000114
2500,BST,25,0.000211,0.000068
2500,OST,25,0.000245,0.000072
2500,BST,25,0.000213,0.000069
2500,OST,25,0.000306,0.000072
2500,BST,25,0.000208,0.000069
2500,OST,25,0.000221,0.000070
2500,BST,25,0.000212,0.000068
2500,OST,25,0.000229,0.000084
2500,BST,25,0.000205,0.000106
2500,OST,25,0.000223,0.000071
2500,BST,25,0.000207,0.000067
2500,OST,25,0.000241,0.000069
2500,BST,25,0.000252,0.000067
2500,OST,25,0.000221,0.000070
2600,BST,23,0.000253,0.000087
2600,OST,23,0.000263,0.000077
2600,BST,23,0.000261,0.000072
2600,OST,23,0.000232,0.000078
2600,BST,23,0.000217,0.000071
2600,OST,23,0.000235,0.000114
2600,BST,23,0.000223,0.000072
2600,OST,23,0.000253,0.000077
2600,BST,23,0.000220,0.000096
2600,OST,23,0.000247,0.000109
2600,BST,23,0.000221,0.000094
2600,OST,23,0.000239,0.000078
2600,BST,23,0.000221,0.000071
2600,OST,23,0.000237,0.000076
2600,BST,23,0.000224,0.000073
2600,OST,23,0.000253,0.000077
2600,BST,23,0.000222,0.000075
2600,OST,23,0.000239,0.000077
2600,BST,23,0.000235,0.000072
2600,OST,23,0.000240,0.000077
2700,BST,22,0.000248,0.000081
2700,OST,22,0.000260,0.000074
2700,BST,22,0.000229,0.000068
2700,OST,22,0.000258,0.000082
2700,BST,22,0.000222,0.000066
2700,OST,22,0.000273,0.000069
2700,BST,22,0.000264,0.000065
2700,OST,22,0.000241,0.000071
2700,BST,22,0.000228,0.000077
2700,OST,22,0.000257,0.000075
2700,BST,22,0.000228,0.000068
2700,OST,22,0.000275,0.000071
2700,BST,22,0.000227,0.000069
2700,OST,22,0.000248,0.000072
2700,BST,22,0.000228,0.000067
2700,OST,22,0.000245,0.000073
2700,BST,22,0.000229,0.000078
2700,OST,22,0.000246,0.000074
2700,BST,22,0.000227,0.000066
2700,OST,22,0.000289,0.000113
2800,BST,25,0.000258,0.000078
2800,OST,25,0.000321,0.000122
2800,BST,25,0.000283,0.000079
2800,OST,25,0.000365,0.000100
2800,BST,25,0.000249,0.000078
2800,OST,25,0.000306,0.000082
2800,BST,25,0.000255,0.000114
2800,OST,25,0.000276,0.000116
2800,BST,25,0.000251,0.000090
2800,OST,25,0.000271,0.000083
2800,BST,25,0.000247,0.000077
2800,OST,25,0.000268,0.000081
2800,BST,25,0.000251,0.000076
2800,OST,25,0.000286,0.000080
2800,BST,25,0.000252,0.000082
2800,OST,25,0.000270,0.000084
2800,BST,25,0.000266,0.000081
2800,OST,25,0.000274,0.000083
2800,BST,25,0.000289,0.000076
2800,OST,25,0.000269,0.000081
2900,BST,26,0.000290,0.000074
2900,OST,26,0.000291,0.000079
2900,BST,26,0.000245,0.000072
2900,OST,26,0.000269,0.000076
2900,BST,26,0.000266,0.000074
2900,OST,26,0.000276,0.000081
2900,BST,26,0.000268,0.000076
2900,OST,26,0.000285,0.000079
2900,BST,26,0.000302,0.000083
2900,OST,26,0.000290,0.000079
2900,BST,26,0.000302,0.000072
2900,OST,26,0.000271,0.000104
2900,BST,26,0.000255,0.000072
2900,OST,26,0.000272,0.000079
2900,BST,26,0.000251,0.000085
2900,OST,26,0.000276,0.000079
2900,BST,26,0.000252,0.000075
2900,OST,26,0.000275,0.000090
2900,BST,26,0.000258,0.000074
2900,OST,26,0.000275,0.000079
3000,BST,23,0.000296,0.000074
3000,OST,23,0.000299,0.000078
3000,BST,23,0.000278,0.000072
3000,OST,23,0.000287,0.000078
3000,BST,23,0.000263,0.000088
3000,OST,23,0.000333,0.000124
3000,BST,23,0.000256,0.000073
3000,OST,23,0.000277,0.000075
3000,BST,23,0.000255,0.000073
3000,OST,23,0.000292,0.000077
3000,BST,23,0.000254,0.000114
3000,OST,23,0.000281,0.000078
3000,BST,23,0.000261,0.000073
3000,OST,23,0.000283,0.000079
3000,BST,23,0.000261,0.000073
3000,OST,23,0.000283,0.000077
3000,BST,23,0.000264,0.000073
3000,OST,23,0.000286,0.000077
3000,BST,23,0.000263,0.000072
3000,OST,23,0.000281,0.000078
3100,BST,24,0.000312,0.000070
3100,OST,24,0.000328,0.000089
3100,BST,24,0.000425,0.000069
3100,OST,24,0.000300,0.000075
3100,BST,24,0.000301,0.000069
3100,OST,24,0.000280,0.000074
3100,BST,24,0.000262,0.000096
3100,OST,24,0.000356,0.000075
3100,BST,24,0.000267,0.000072
3100,OST,24,0.000291,0.000127
3100,BST,24,0.000266,0.000072
3100,OST,24,0.000303,0.000077
3100,BST,24,0.000262,0.000070
3100,OST,24,0.000329,0.000076
3100,BST,24,0.000268,0.000071
3100,OST,24,0.000287,0.000076
3100,BST,24,0.000297,0.000086
3100,OST,24,0.000314,0.000089
3100,BST,24,0.000267,0.000071
3100,OST,24,0.000290,0.000076
3200,BST,26,0.000354,0.000082
3200,OST,26,0.000334,0.000089
3200,BST,26,0.000292,0.000093
3200,OST,26,0.000323,0.000091
3200,BST,26,0.000291,0.000081
3200,OST,26,0.000316,0.000114
3200,BST,26,0.000312,0.000080
3200,OST,26,0.000314,0.000126
3200,BST,26,0.000301,0.000083
3200,OST,26,0.000325,0.000086
3200,BST,26,0.000337,0.000081
3200,OST,26,0.000364,0.000087
3200,BST,26,0.000290,0.000082
3200,OST,26,0.000316,0.000100
3200,BST,26,0.000291,0.000119
3200,OST,26,0.000320,0.000117
3200,BST,26,0.000314,0.000083
3200,OST,26,0.000315,0.000088
3200,BST,26,0.000349,0.000085
3200,OST,26,0.000316,0.000090
3300,BST,26,0.000329,0.000080
3300,OST,26,0.000352,0.000086
3300,BST,26,0.000289,0.000081
3300,OST,26,0.000327,0.000087
3300,BST,26,0.000297,0.000083
3300,OST,26,0.000335,0.000088
3300,BST,26,0.000300,0.000084
3300,OST,26,0.000325,0.000089
3300,BST,26,0.000288,0.000079
3300,OST,26,0.000313,0.000110
3300,BST,26,0.000301,0.000084
3300,OST,26,0.000328,0.000099
3300,BST,26,0.000299,0.000093
3300,OST,26,0.000321,0.000126
3300,BST,26,0.000345,0.000123
3300,OST,26,0.000337,0.000091
3300,BST,26,0.000302,0.000084
3300,OST,26,0.000341,0.000089
3300,BST,26,0.000336,0.000081
3300,OST,26,0.000317,0.000087
3400,BST,28,0.000378,0.000089
3400,OST,28,0.000358,0.000096
3400,BST,28,0.000327,0.000112
3400,OST,28,0.000356,0.000130
3400,BST,28,0.000336,0.000088
3400,OST,28,0.000427,0.000102
3400,BST,28,0.000345,0.000092
3400,OST,28,0.000357,0.000097
3400,BST,28,0.000333,0.000090
3400,OST,28,0.000368,0.000096
3400,BST,28,0.000344,0.000090
3400,OST,28,0.000354,0.000095
3400,BST,28,0.000346,0.000107
3400,OST,28,0.000458,0.000099
3400,BST,28,0.000344,0.000091
3400,OST,28,0.000358,0.000096
3400,BST,28,0.000331,0.000091
3400,OST,28,0.000355,0.000097
3400,BST,28,0.000338,0.000090
3400,OST,28,0.000356,0.000203
3500,BST,25,0.000504,0.000074
3500,OST,25,0.000340,0.000081
3500,BST,25,0.000329,0.000075
3500,OST,25,0.000343,0.000081
3500,BST,25,0.000314,0.000074
3500,OST,25,0.000512,0.000080
3500,BST,25,0.000304,0.000071
3500,OST,25,0.000327,0.000116
3500,BST,25,0.000349,0.000075
3500,OST,25,0.000334,0.000080
3500,BST,25,0.000312,0.000075
3500,OST,25,0.000336,0.000079
3500,BST,25,0.000350,0.000074
3500,OST,25,0.000574,0.000080
3500,BST,25,0.000306,0.000074
3500,OST,25,0.000357,0.000078
3500,BST,25,0.000317,0.000077
3500,OST,25,0.000339,0.000081
3500,BST,25,0.000316,0.000090
3500,OST,25,0.000336,0.000163
3600,BST,24,0.000371,0.000100
3600,OST,24,0.000392,0.000107
3600,BST,24,0.000347,0.000100
3600,OST,24,0.000361,0.000105
3600,BST,24,0.000323,0.000114
3600,OST,24,0.000402,0.000142
3600,BST,24,0.000370,0.000098
3600,OST,24,0.000352,0.000104
3600,BST,24,0.000333,0.000100
3600,OST,24,0.000398,0.000105
3600,BST,24,0.000322,0.000097
3600,OST,24,0.000577,0.000105
3600,BST,24,0.000428,0.000098
3600,OST,24,0.000350,0.000104
3600,BST,24,0.000347,0.000099
3600,OST,24,0.000358,0.000106
3600,BST,24,0.000332,0.000098
3600,OST,24,0.000388,0.000104
3600,BST,24,0.000333,0.000099
3600,OST,24,0.000360,0.000118
3700,BST,26,0.000357,0.000092
3700,OST,26,0.000363,0.000100
3700,BST,26,0.000350,0.000092
3700,OST,26,0.000360,0.000098
3700,BST,26,0.000356,0.000091
3700,OST,26,0.000364,0.000099
3700,BST,26,0.000335,0.000120
3700,OST,26,0.000362,0.000182
3700,BST,26,0.000351,0.000092
3700,OST,26,0.000363,0.000098
3700,BST,26,0.000334,0.000108
3700,OST,26,0.000368,0.000100
3700,BST,26,0.000387,0.000091
3700,OST,26,0.000462,0.000099
3700,BST,26,0.000328,0.000089
3700,OST,26,0.000403,0.000097
3700,BST,26,0.000327,0.000088
3700,OST,26,0.000426,0.000097
3700,BST,26,0.000336,0.000103
3700,OST,26,0.000363,0.000102
3800,BST,22,0.000461,0.000088
3800,OST,22,0.000392,0.000093
3800,BST,22,0.000359,0.000088
3800,OST,22,0.000370,0.000093
3800,BST,22,0.000405,0.000101
3800,OST,22,0.000418,0.000095
3800,BST,22,0.000343,0.000088
3800,OST,22,0.000417,0.000093
3800,BST,22,0.000344,0.000087
3800,OST,22,0.000446,0.000111
3800,BST,22,0.000348,0.000089
3800,OST,22,0.000390,0.000095
3800,BST,22,0.000347,0.000099
3800,OST,22,0.000387,0.000096
3800,BST,22,0.000337,0.000125
3800,OST,22,0.000362,0.000092
3800,BST,22,0.000344,0.000088
3800,OST,22,0.000387,0.000095
3800,BST,22,0.000363,0.000088
3800,OST,22,0.000376,0.000095
3900,BST,26,0.000631,0.000089
3900,OST,26,0.000413,0.000096
3900,BST,26,0.000386,0.000088
3900,OST,26,0.000395,0.000095
3900,BST,26,0.000372,0.000089
3900,OST,26,0.000418,0.000095
3900,BST,26,0.000373,0.000090
3900,OST,26,0.000440,0.000095
3900,BST,26,0.000400,0.000087
3900,OST,26,0.000387,0.000093
3900,BST,26,0.000385,0.000090
3900,OST,26,0.000400,0.000105
3900,BST,26,0.000408,0.000089
3900,OST,26,0.000452,0.000096
3900,BST,26,0.000480,0.000102
3900,OST,26,0.000407,0.000096
3900,BST,26,0.000360,0.000087
3900,OST,26,0.000532,0.000094
3900,BST,26,0.000382,0.000089
3900,OST,26,0.000395,0.000095
4000,BST,27,0.000507,0.000101
4000,OST,27,0.000416,0.000109
4000,BST,27,0.000393,0.000101
4000,OST,27,0.000460,0.000109
4000,BST,27,0.000378,0.000099
4000,OST,27,0.000437,0.000108
4000,BST,27,0.000370,0.000102
4000,OST,27,0.000405,0.000109
4000,BST,27,0.000377,0.000101
4000,OST,27,0.000445,0.000111
4000,BST,27,0.000387,0.000104
4000,OST,27,0.000410,0.000110
4000,BST,27,0.000384,0.000105
4000,OST,27,0.000448,0.000108
4000,BST,27,0.000414,0.000100
4000,OST,27,0.000401,0.000106
4000,BST,27,0.000381,0.000104
4000,OST,27,0.000512,0.000111
4000,BST,27,0.000432,0.000100
4000,OST,27,0.000410,0.000153
4100,BST,25,0.000380,0.000098
4100,OST,25,0.000452,0.000105
4100,BST,25,0.000379,0.000098
4100,OST,25,0.000423,0.000105
4100,BST,25,0.000380,0.000098
4100,OST,25,0.000422,0.000105
4100,BST,25,0.000405,0.000183
4100,OST,25,0.000542,0.000106
4100,BST,25,0.000441,0.000095
4100,OST,25,0.000395,0.000141
4100,BST,25,0.000370,0.000095
4100,OST,25,0.000432,0.000101
4100,BST,25,0.000379,0.000097
4100,OST,25,0.000421,0.000105
4100,BST,25,0.000371,0.000096
4100,OST,25,0.000451,0.000102
4100,BST,25,0.000455,0.000098
4100,OST,25,0.000551,0.000105
4100,BST,25,0.000375,0.000161
4100,OST,25,0.000575,0.000132
4200,BST,24,0.000530,0.000112
4200,OST,24,0.000515,0.000119
4200,BST,24,0.000413,0.000111
4200,OST,24,0.000490,0.000120
4200,BST,24,0.000427,0.000113
4200,OST,24,0.000452,0.000198
4200,BST,24,0.000449,0.000122
4200,OST,24,0.000445,0.000121
4200,BST,24,0.000411,0.000113
4200,OST,24,0.000461,0.000119
4200,BST,24,0.000412,0.000111
4200,OST,24,0.000460,0.000120
4200,BST,24,0.000471,0.000135
4200,OST,24,0.000500,0.000163
4200,BST,24,0.000406,0.000113
4200,OST,24,0.000459,0.000119
4200,BST,24,0.000428,0.000112
4200,OST,24,0.000444,0.000119
4200,BST,24,0.000557,0.000150
4200,OST,24,0.000440,0.000128
4300,BST,29,0.000523,0.000122
4300,OST,29,0.000450,0.000130
4300,BST,29,0.000416,0.000122
4300,OST,29,0.000464,0.000129
4300,BST,29,0.000417,0.000122
4300,OST,29,0.000469,0.000130
4300,BST,29,0.000426,0.000134
4300,OST,29,0.000564,0.000127
4300,BST,29,0.000415,0.000119
4300,OST,29,0.000521,0.000127
4300,BST,29,0.000452,0.000159
4300,OST,29,0.000441,0.000127
4300,BST,29,0.000416,0.000122
4300,OST,29,0.000561,0.000130
4300,BST,29,0.000421,0.000122
4300,OST,29,0.000472,0.000130
4300,BST,29,0.000411,0.000120
4300,OST,29,0.000487,0.000126
4300,BST,29,0.000415,0.000122
4300,OST,29,0.000465,0.000140
4400,BST,21,0.000419,0.000112
4400,OST,21,0.000463,0.000122
4400,BST,21,0.000510,0.000153
4400,OST,21,0.000452,0.000123
4400,BST,21,0.000421,0.000112
4400,OST,21,0.000492,0.000122
4400,BST,21,0.000530,0.000109
4400,OST,21,0.000517,0.000147
4400,BST,21,0.000495,0.000176
4400,OST,21,0.000518,0.000124
4400,BST,21,0.000415,0.000112
4400,OST,21,0.000516,0.000122
4400,BST,21,0.000471,0.000111
4400,OST,21,0.000457,0.000121
4400,BST,21,0.000450,0.000124
4400,OST,21,0.000455,0.000123
4400,BST,21,0.000487,0.000111
4400,OST,21,0.000481,0.000122
4400,BST,21,0.000469,0.000112
4400,OST,21,0.000451,0.000134
4500,BST,26,0.000484,0.000106
4500,OST,26,0.000489,0.000115
4500,BST,26,0.000424,0.000101
4500,OST,26,0.000475,0.000112
4500,BST,26,0.000431,0.000104
4500,OST,26,0.000501,0.000115
4500,BST,26,0.000443,0.000149
4500,OST,26,0.000467,0.000130
4500,BST,26,0.000450,0.000104
4500,OST,26,0.000467,0.000128
4500,BST,26,0.000460,0.000115
4500,OST,26,0.000475,0.000115
4500,BST,26,0.000428,0.000109
4500,OST,26,0.000462,0.000116
4500,BST,26,0.000436,0.000104
4500,OST,26,0.000470,0.000112
4500,BST,26,0.000457,0.000107
4500,OST,26,0.000474,0.000125
4500,BST,26,0.000432,0.000106
4500,OST,26,0.000490,0.000118
4600,BST,25,0.000567,0.000145
4600,OST,25,0.000495,0.000145
4600,BST,25,0.000452,0.000120
4600,OST,25,0.000501,0.000128
4600,BST,25,0.000448,0.000120
4600,OST,25,0.000500,0.000128
4600,BST,25,0.000550,0.000118
4600,OST,25,0.000519,0.000125
4600,BST,25,0.000463,0.000119
4600,OST,25,0.000483,0.000139
4600,BST,25,0.000536,0.000180
4600,OST,25,0.000486,0.000143
4600,BST,25,0.000448,0.000120
4600,OST,25,0.000637,0.000132
4600,BST,25,0.000485,0.000191
4600,OST,25,0.000471,0.000151
4600,BST,25,0.000539,0.000117
4600,OST,25,0.000468,0.000180
4600,BST,25,0.000482,0.000130
4600,OST,25,0.000487,0.000139
4700,BST,25,0.000497,0.000123
4700,OST,25,0.000498,0.000122
4700,BST,25,0.000494,0.000111
4700,OST,25,0.000485,0.000130
4700,BST,25,0.000473,0.000131
4700,OST,25,0.000520,0.000182
4700,BST,25,0.000448,0.000112
4700,OST,25,0.000502,0.000121
4700,BST,25,0.000540,0.000109
4700,OST,25,0.000598,0.000156
4700,BST,25,0.000468,0.000232
4700,OST,25,0.000488,0.000146
4700,BST,25,0.000495,0.000108
4700,OST,25,0.000669,0.000135
4700,BST,25,0.000514,0.000111
4700,OST,25,0.000544,0.000119
4700,BST,25,0.000452,0.000112
4700,OST,25,0.000539,0.000120
4700,BST,25,0.000466,0.000112
4700,OST,25,0.000600,0.000121
4800,BST,26,0.000527,0.000141
4800,OST,26,0.000508,0.000142
4800,BST,26,0.000485,0.000142
4800,OST,26,0.000506,0.000156
4800,BST,26,0.000496,0.000129
4800,OST,26,0.000544,0.000138
4800,BST,26,0.000512,0.000133
4800,OST,26,0.000527,0.000142
4800,BST,26,0.000476,0.000132
4800,OST,26,0.000556,0.000142
4800,BST,26,0.000538,0.000150
4800,OST,26,0.000510,0.000184
4800,BST,26,0.000525,0.000129
4800,OST,26,0.000504,0.000178
4800,BST,26,0.000470,0.000132
4800,OST,26,0.000521,0.000141
4800,BST,26,0.000470,0.000133
4800,OST,26,0.000523,0.000141
4800,BST,26,0.000472,0.000131
4800,OST,26,0.000538,0.000142
4900,BST,27,0.000670,0.000123
4900,OST,27,0.000737,0.000201
4900,BST,27,0.000499,0.000135
4900,OST,27,0.000523,0.000133
4900,BST,27,0.000479,0.000125
4900,OST,27,0.000748,0.000146
4900,BST,27,0.000472,0.000120
4900,OST,27,0.000553,0.000130
4900,BST,27,0.000480,0.000122
4900,OST,27,0.000536,0.000133
4900,BST,27,0.000610,0.000123
4900,OST,27,0.000560,0.000132
4900,BST,27,0.000499,0.000133
4900,OST,27,0.000528,0.000134
4900,BST,27,0.000480,0.000123
4900,OST,27,0.000564,0.000133
4900,BST,27,0.000522,0.000121
4900,OST,27,0.000514,0.000154
4900,BST,27,0.000535,0.000122
4900,OST,27,0.000554,0.000144
5000,BST,26,0.000544,0.000126
5000,OST,26,0.000536,0.000135
5000,BST,26,0.000501,0.000127
5000,OST,26,0.000558,0.000136
5000,BST,26,0.000565,0.000126
5000,OST,26,0.000559,0.000135
5000,BST,26,0.000512,0.000166
5000,OST,26,0.000537,0.000139
5000,BST,26,0.000496,0.000126
5000,OST,26,0.000610,0.000156
5000,BST,26,0.000480,0.000123
5000,OST,26,0.000652,0.000173
5000,BST,26,0.000511,0.000135
5000,OST,26,0.000617,0.000136
5000,BST,26,0.000508,0.000126
5000,OST,26,0.000604,0.000141
5000,BST,26,0.000503,0.000127
5000,OST,26,0.000556,0.000136
5000,BST,26,0.000508,0.000126
5000,OST,26,0.000562,0.000135
5100,BST,23,0.000646,0.000146
5100,OST,23,0.000628,0.000144
5100,BST,23,0.000513,0.000133
5100,OST,23,0.000539,0.000144
5100,BST,23,0.000513,0.000133
5100,OST,23,0.000628,0.000144
5100,BST,23,0.000495,0.000129
5100,OST,23,0.000570,0.000140
5100,BST,23,0.000558,0.000134
5100,OST,23,0.000541,0.000143
5100,BST,23,0.000518,0.000134
5100,OST,23,0.000542,0.000154
5100,BST,23,0.000510,0.000132
5100,OST,23,0.000565,0.000144
5100,BST,23,0.000514,0.000181
5100,OST,23,0.000538,0.000211
5100,BST,23,0.000518,0.000143
5100,OST,23,0.000547,0.000145
5100,BST,23,0.000512,0.000133
5100,OST,23,0.000542,0.000144
5200,BST,26,0.000649,0.000130
5200,OST,26,0.000600,0.000138
5200,BST,26,0.000534,0.000128
5200,OST,26,0.000566,0.000193
5200,BST,26,0.000544,0.000131
5200,OST,26,0.000568,0.000139
5200,BST,26,0.000583,0.000129
5200,OST,26,0.000671,0.000166
5200,BST,26,0.000536,0.000129
5200,OST,26,0.000584,0.000139
5200,BST,26,0.000524,0.000130
5200,OST,26,0.000585,0.000139
5200,BST,26,0.000554,0.000141
5200,OST,26,0.000552,0.000136
5200,BST,26,0.000537,0.000129
5200,OST,26,0.000564,0.000223
5200,BST,26,0.000527,0.000129
5200,OST,26,0.000587,0.000139
5200,BST,26,0.000580,0.000128
5200,OST,26,0.000578,0.000138
5300,BST,26,0.000586,0.000207
5300,OST,26,0.000674,0.000162
5300,BST,26,0.000572,0.000185
5300,OST,26,0.000566,0.000159
5300,BST,26,0.000610,0.000152
5300,OST,26,0.000599,0.000161
5300,BST,26,0.000546,0.000150
5300,OST,26,0.000578,0.000187
5300,BST,26,0.000676,0.000150
5300,OST,26,0.000682,0.000161
5300,BST,26,0.000553,0.000151
5300,OST,26,0.000582,0.000173
5300,BST,26,0.000582,0.000161
5300,OST,26,0.000659,0.000162
5300,BST,26,0.000630,0.000184
5300,OST,26,0.000603,0.000158
5300,BST,26,0.000571,0.000146
5300,OST,26,0.000565,0.000198
5300,BST,26,0.000546,0.000150
5300,OST,26,0.000595,0.000162
5400,BST,25,0.000593,0.000132
5400,OST,25,0.000588,0.000207
5400,BST,25,0.000591,0.000133
5400,OST,25,0.000615,0.000140
5400,BST,25,0.000554,0.000136
5400,OST,25,0.000585,0.000146
5400,BST,25,0.000660,0.000135
5400,OST,25,0.000608,0.000146
5400,BST,25,0.000640,0.000136
5400,OST,25,0.000667,0.000146
5400,BST,25,0.000565,0.000144
5400,OST,25,0.000667,0.000155
5400,BST,25,0.000555,0.000136
5400,OST,25,0.000590,0.000144
5400,BST,25,0.000551,0.000135
5400,OST,25,0.000612,0.000146
5400,BST,25,0.000555,0.000207
5400,OST,25,0.000621,0.000144
5400,BST,25,0.000535,0.000197
5400,OST,25,0.000626,0.000147
5500,BST,26,0.000612,0.000158
5500,OST,26,0.000614,0.000178
5500,BST,26,0.000564,0.000163
5500,OST,26,0.000591,0.000173
5500,BST,26,0.000605,0.000159
5500,OST,26,0.000625,0.000170
5500,BST,26,0.000557,0.000207
5500,OST,26,0.000880,0.000221
5500,BST,26,0.000571,0.000162
5500,OST,26,0.000595,0.000186
5500,BST,26,0.000546,0.000158
5500,OST,26,0.000626,0.000170
5500,BST,26,0.000548,0.000171
5500,OST,26,0.000612,0.000176
5500,BST,26,0.000558,0.000162
5500,OST,26,0.000618,0.000173
5500,BST,26,0.000574,0.000172
5500,OST,26,0.000583,0.000225
5500,BST,26,0.000537,0.000159
5500,OST,26,0.000626,0.000170
5600,BST,29,0.000800,0.000136
5600,OST,29,0.000740,0.000192
5600,BST,29,0.000589,0.000145
5600,OST,29,0.000625,0.000149
5600,BST,29,0.000583,0.000136
5600,OST,29,0.000636,0.000148
5600,BST,29,0.000592,0.000135
5600,OST,29,0.000640,0.000146
5600,BST,29,0.000646,0.000135
5600,OST,29,0.000626,0.000158
5600,BST,29,0.000590,0.000133
5600,OST,29,0.000652,0.000156
5600,BST,29,0.000587,0.000136
5600,OST,29,0.000635,0.000146
5600,BST,29,0.000600,0.000176
5600,OST,29,0.000730,0.000177
5600,BST,29,0.000604,0.000135
5600,OST,29,0.000641,0.000145
5600,BST,29,0.000587,0.000135
5600,OST,29,0.000635,0.000146
5700,BST,28,0.000705,0.000199
5700,OST,28,0.000768,0.000179
5700,BST,28,0.000620,0.000168
5700,OST,28,0.000648,0.000180
5700,BST,28,0.000592,0.000169
5700,OST,28,0.000676,0.000180
5700,BST,28,0.000615,0.000169
5700,OST,28,0.000643,0.000179
5700,BST,28,0.000622,0.000167
5700,OST,28,0.000657,0.000180
5700,BST,28,0.000606,0.000170
5700,OST,28,0.000637,0.000179
5700,BST,28,0.000612,0.000167
5700,OST,28,0.000659,0.000179
5700,BST,28,0.000626,0.000163
5700,OST,28,0.000669,0.000176
5700,BST,28,0.000605,0.000167
5700,OST,28,0.000703,0.000181
5700,BST,28,0.000645,0.000195
5700,OST,28,0.000701,0.000194
5800,BST,26,0.000795,0.000153
5800,OST,26,0.000682,0.000193
5800,BST,26,0.000624,0.000152
5800,OST,26,0.000677,0.000164
5800,BST,26,0.000644,0.000266
5800,OST,26,0.000717,0.000166
5800,BST,26,0.000605,0.000152
5800,OST,26,0.000667,0.000164
5800,BST,26,0.000814,0.000159
5800,OST,26,0.000635,0.000162
5800,BST,26,0.000627,0.000151
5800,OST,26,0.000689,0.000176
5800,BST,26,0.000643,0.000186
5800,OST,26,0.000659,0.000163
5800,BST,26,0.000708,0.000151
5800,OST,26,0.000685,0.000174
5800,BST,26,0.000622,0.000153
5800,OST,26,0.000755,0.000165
5800,BST,26,0.000613,0.000149
5800,OST,26,0.000685,0.000161
5900,BST,24,0.000666,0.000154
5900,OST,24,0.000915,0.000166
5900,BST,24,0.000631,0.000154
5900,OST,24,0.000673,0.000166
5900,BST,24,0.000650,0.000155
5900,OST,24,0.000763,0.000167
5900,BST,24,0.000617,0.000152
5900,OST,24,0.000853,0.000207
5900,BST,24,0.000609,0.000154
5900,OST,24,0.000676,0.000166
5900,BST,24,0.000617,0.000151
5900,OST,24,0.000680,0.000164
5900,BST,24,0.000642,0.000149
5900,OST,24,0.000688,0.000162
5900,BST,24,0.000758,0.000151
5900,OST,24,0.000731,0.000165
5900,BST,24,0.000620,0.000153
5900,OST,24,0.000672,0.000167
5900,BST,24,0.000618,0.000154
5900,OST,24,0.000653,0.000166
6000,BST,26,0.000661,0.000153
6000,OST,26,0.000685,0.000204
6000,BST,26,0.000624,0.000147
6000,OST,26,0.000654,0.000170
6000,BST,26,0.000631,0.000154
6000,OST,26,0.000668,0.000163
6000,BST,26,0.000635,0.000161
6000,OST,26,0.000671,0.000202
6000,BST,26,0.000634,0.000152
6000,OST,26,0.000726,0.000164
6000,BST,26,0.000620,0.000174
6000,OST,26,0.000715,0.000164
6000,BST,26,0.000621,0.000151
6000,OST,26,0.000691,0.000164
6000,BST,26,0.000623,0.000152
6000,OST,26,0.000689,0.000164
6000,BST,26,0.000848,0.000201
6000,OST,26,0.000875,0.000222
6000,BST,26,0.000859,0.000170
6000,OST,26,0.000844,0.000181
6100,BST,29,0.000737,0.000165
6100,OST,29,0.000712,0.000178
6100,BST,29,0.000856,0.000167
6100,OST,29,0.000739,0.000179
6100,BST,29,0.000687,0.000170
6100,OST,29,0.000765,0.000193
6100,BST,29,0.000640,0.000166
6100,OST,29,0.000716,0.000224
6100,BST,29,0.000720,0.000166
6100,OST,29,0.000824,0.000177
6100,BST,29,0.000632,0.000163
6100,OST,29,0.000707,0.000175
6100,BST,29,0.000655,0.000222
6100,OST,29,0.000768,0.000180
6100,BST,29,0.000641,0.000207
6100,OST,29,0.000686,0.000310
6100,BST,29,0.000657,0.000192
6100,OST,29,0.000688,0.000178
6100,BST,29,0.000676,0.000164
6100,OST,29,0.000702,0.000188
6200,BST,31,0.000767,0.000237
6200,OST,31,0.000709,0.000215
6200,BST,31,0.000705,0.000170
6200,OST,31,0.000728,0.000196
6200,BST,31,0.000780,0.000170
6200,OST,31,0.000726,0.000185
6200,BST,31,0.000667,0.000185
6200,OST,31,0.000792,0.000186
6200,BST,31,0.000657,0.000171
6200,OST,31,0.000760,0.000263
6200,BST,31,0.000642,0.000168
6200,OST,31,0.000744,0.000219
6200,BST,31,0.000666,0.000171
6200,OST,31,0.000768,0.000184
6200,BST,31,0.000668,0.000171
6200,OST,31,0.000721,0.000186
6200,BST,31,0.000866,0.000182
6200,OST,31,0.000790,0.000185
6200,BST,31,0.000768,0.000171
6200,OST,31,0.000758,0.000201
6300,BST,28,0.000729,0.000170
6300,OST,28,0.000839,0.000182
6300,BST,28,0.000687,0.000169
6300,OST,28,0.000738,0.000181
6300,BST,28,0.000715,0.000170
6300,OST,28,0.000870,0.000183
6300,BST,28,0.000706,0.000164
6300,OST,28,0.000855,0.000204
6300,BST,28,0.000692,0.000169
6300,OST,28,0.000746,0.000183
6300,BST,28,0.000749,0.000180
6300,OST,28,0.000722,0.000181
6300,BST,28,0.000688,0.000170
6300,OST,28,0.000778,0.000183
6300,BST,28,0.000729,0.000179
6300,OST,28,0.000723,0.000183
6300,BST,28,0.000653,0.000165
6300,OST,28,0.000750,0.000177
6300,BST,28,0.000692,0.000164
6300,OST,28,0.000732,0.000177
6400,BST,30,0.000769,0.000163
6400,OST,30,0.000760,0.000206
6400,BST,30,0.000700,0.000162
6400,OST,30,0.000703,0.000183
6400,BST,30,0.000684,0.000166
6400,OST,30,0.000747,0.000182
6400,BST,30,0.000671,0.000166
6400,OST,30,0.000744,0.000246
6400,BST,30,0.000675,0.000167
6400,OST,30,0.000749,0.000180
6400,BST,30,0.000670,0.000167
6400,OST,30,0.000774,0.000180
6400,BST,30,0.000746,0.000266
6400,OST,30,0.000941,0.000228
6400,BST,30,0.000706,0.000212
6400,OST,30,0.000782,0.000256
6400,BST,30,0.000835,0.000166
6400,OST,30,0.000749,0.000180
6400,BST,30,0.000810,0.000161
6400,OST,30,0.000762,0.000176
6500,BST,24,0.000726,0.000158
6500,OST,24,0.000752,0.000180
6500,BST,24,0.000690,0.000177
6500,OST,24,0.000814,0.000333
6500,BST,24,0.000867,0.000154
6500,OST,24,0.000787,0.000185
6500,BST,24,0.000798,0.000156
6500,OST,24,0.000777,0.000169
6500,BST,24,0.000695,0.000154
6500,OST,24,0.000781,0.000169
6500,BST,24,0.000730,0.000152
6500,OST,24,0.000763,0.000166
6500,BST,24,0.000805,0.000156
6500,OST,24,0.000815,0.000169
6500,BST,24,0.000693,0.000157
6500,OST,24,0.000731,0.000169
6500,BST,24,0.000731,0.000153
6500,OST,24,0.000763,0.000165
6500,BST,24,0.000784,0.000152
6500,OST,24,0.000811,0.000165
6600,BST,28,0.000816,0.000352
6600,OST,28,0.000751,0.000330
6600,BST,28,0.000709,0.000230
6600,OST,28,0.000861,0.000187
6600,BST,28,0.000751,0.000172
6600,OST,28,0.000796,0.000187
6600,BST,28,0.000703,0.000169
6600,OST,28,0.000835,0.000240
6600,BST,28,0.000718,0.000171
6600,OST,28,0.000767,0.000185
6600,BST,28,0.000778,0.000172
6600,OST,28,0.000864,0.000272
6600,BST,28,0.000718,0.000171
6600,OST,28,0.000768,0.000206
6600,BST,28,0.000713,0.000183
6600,OST,28,0.000755,0.000187
6600,BST,28,0.000695,0.000173
6600,OST,28,0.000776,0.000212
6600,BST,28,0.000709,0.000169
6600,OST,28,0.000759,0.000181
6700,BST,30,0.000804,0.000179
6700,OST,30,0.000827,0.000194
6700,BST,30,0.000763,0.000185
6700,OST,30,0.000917,0.000201
6700,BST,30,0.000755,0.000219
6700,OST,30,0.000858,0.000201
6700,BST,30,0.000773,0.000186
6700,OST,30,0.000809,0.000199
6700,BST,30,0.000781,0.000186
6700,OST,30,0.000850,0.000200
6700,BST,30,0.000756,0.000185
6700,OST,30,0.000832,0.000199
6700,BST,30,0.000767,0.000186
6700,OST,30,0.000825,0.000202
6700,BST,30,0.000751,0.000187
6700,OST,30,0.000800,0.000215
6700,BST,30,0.000760,0.000199
6700,OST,30,0.000809,0.000199
6700,BST,30,0.000754,0.000275
6700,OST,30,0.000830,0.000230
6800,BST,26,0.000773,0.000171
6800,OST,26,0.000781,0.000183
6800,BST,26,0.000879,0.000169
6800,OST,26,0.000804,0.000231
6800,BST,26,0.000885,0.000172
6800,OST,26,0.000802,0.000183
6800,BST,26,0.000721,0.000274
6800,OST,26,0.000862,0.000198
6800,BST,26,0.000908,0.000166
6800,OST,26,0.000763,0.000180
6800,BST,26,0.000890,0.000170
6800,OST,26,0.000838,0.000228
6800,BST,26,0.000740,0.000234
6800,OST,26,0.001021,0.000200
6800,BST,26,0.000754,0.000278
6800,OST,26,0.000812,0.000207
6800,BST,26,0.000830,0.000237
6800,OST,26,0.000811,0.000249
6800,BST,26,0.000757,0.000188
6800,OST,26,0.000775,0.000199
6900,BST,24,0.000965,0.000173
6900,OST,24,0.000853,0.000198
6900,BST,24,0.000773,0.000170
6900,OST,24,0.000826,0.000199
6900,BST,24,0.000750,0.000173
6900,OST,24,0.000816,0.000199
6900,BST,24,0.000745,0.000172
6900,OST,24,0.000809,0.000200
6900,BST,24,0.000762,0.000170
6900,OST,24,0.000841,0.000184
6900,BST,24,0.000741,0.000173
6900,OST,24,0.000880,0.000187
6900,BST,24,0.000764,0.000173
6900,OST,24,0.000824,0.000189
6900,BST,24,0.000753,0.000174
6900,OST,24,0.000805,0.000188
6900,BST,24,0.000749,0.000181
6900,OST,24,0.000820,0.000187
6900,BST,24,0.000735,0.000170
6900,OST,24,0.000785,0.000183
7000,BST,28,0.000784,0.000172
7000,OST,28,0.000804,0.000171
7000,BST,28,0.000902,0.000163
7000,OST,28,0.000824,0.000177
7000,BST,28,0.000883,0.000165
7000,OST,28,0.000837,0.000189
7000,BST,28,0.000846,0.000174
7000,OST,28,0.000988,0.000177
7000,BST,28,0.000760,0.000173
7000,OST,28,0.000817,0.000177
7000,BST,28,0.000753,0.000162
7000,OST,28,0.000827,0.000187
7000,BST,28,0.001126,0.000173
7000,OST,28,0.000928,0.000185
7000,BST,28,0.000772,0.000160
7000,OST,28,0.000853,0.000211
7000,BST,28,0.000752,0.000163
7000,OST,28,0.000802,0.000177
7000,BST,28,0.000800,0.000161
7000,OST,28,0.000840,0.000176
7100,BST,25,0.000787,0.000188
7100,OST,25,0.000858,0.000395
7100,BST,25,0.000799,0.000188
7100,OST,25,0.000995,0.000205
7100,BST,25,0.000766,0.000240
7100,OST,25,0.000858,0.000292
7100,BST,25,0.000785,0.000220
7100,OST,25,0.000830,0.000243
7100,BST,25,0.000783,0.000188
7100,OST,25,0.000848,0.000232
7100,BST,25,0.000785,0.000189
7100,OST,25,0.000896,0.000204
7100,BST,25,0.000776,0.000186
7100,OST,25,0.000846,0.000210
7100,BST,25,0.000793,0.000185
7100,OST,25,0.000870,0.000201
7100,BST,25,0.000777,0.000235
7100,OST,25,0.000856,0.000205
7100,BST,25,0.000823,0.000189
7100,OST,25,0.000843,0.000204
7200,BST,24,0.000836,0.000234
7200,OST,24,0.000902,0.000215
7200,BST,24,0.000834,0.000187
7200,OST,24,0.000859,0.000201
7200,BST,24,0.000794,0.000185
7200,OST,24,0.000916,0.000213
7200,BST,24,0.000809,0.000195
7200,OST,24,0.000867,0.000214
7200,BST,24,0.000801,0.000216
7200,OST,24,0.000961,0.000203
7200,BST,24,0.000798,0.000183
7200,OST,24,0.000860,0.000198
7200,BST,24,0.000787,0.000219
7200,OST,24,0.000869,0.000197
7200,BST,24,0.000945,0.000185
7200,OST,24,0.000857,0.000212
7200,BST,24,0.000868,0.000186
7200,OST,24,0.001005,0.000201
7200,BST,24,0.000914,0.000220
7200,OST,24,0.000954,0.000218
7300,BST,29,0.001205,0.000226
7300,OST,29,0.001030,0.000242
7300,BST,29,0.000831,0.000221
7300,OST,29,0.000917,0.000235
7300,BST,29,0.000838,0.000221
7300,OST,29,0.000908,0.000235
7300,BST,29,0.000908,0.000225
7300,OST,29,0.001016,0.000252
7300,BST,29,0.000856,0.000227
7300,OST,29,0.000934,0.000240
7300,BST,29,0.000846,0.000222
7300,OST,29,0.000932,0.000236
7300,BST,29,0.000848,0.000226
7300,OST,29,0.001002,0.000271
7300,BST,29,0.000855,0.000227
7300,OST,29,0.000928,0.000253
7300,BST,29,0.000899,0.000221
7300,OST,29,0.000902,0.000233
7300,BST,29,0.000842,0.000237
7300,OST,29,0.000944,0.000244
7400,BST,34,0.001109,0.000228
7400,OST,34,0.001273,0.000241
7400,BST,34,0.000878,0.000224
7400,OST,34,0.000941,0.000247
7400,BST,34,0.000880,0.000224
7400,OST,34,0.000921,0.000241
7400,BST,34,0.000882,0.000218
7400,OST,34,0.000929,0.000274
7400,BST,34,0.000840,0.000245
7400,OST,34,0.001032,0.000240
7400,BST,34,0.000912,0.000228
7400,OST,34,0.000972,0.000244
7400,BST,34,0.000876,0.000223
7400,OST,34,0.000924,0.000239
7400,BST,34,0.000852,0.000222
7400,OST,34,0.000920,0.000250
7400,BST,34,0.000885,0.000260
7400,OST,34,0.001000,0.000289
7400,BST,34,0.000897,0.000224
7400,OST,34,0.000924,0.000239
7500,BST,32,0.000952,0.000222
7500,OST,32,0.001009,0.000224
7500,BST,32,0.000866,0.000205
7500,OST,32,0.000922,0.000221
7500,BST,32,0.000897,0.000205
7500,OST,32,0.001132,0.000232
7500,BST,32,0.000857,0.000215
7500,OST,32,0.000959,0.000222
7500,BST,32,0.000854,0.000214
7500,OST,32,0.000922,0.000221
7500,BST,32,0.000947,0.000205
7500,OST,32,0.000973,0.000222
7500,BST,32,0.000885,0.000236
7500,OST,32,0.000943,0.000217
7500,BST,32,0.000931,0.000205
7500,OST,32,0.000942,0.000221
7500,BST,32,0.000846,0.000220
7500,OST,32,0.000929,0.000221
7500,BST,32,0.000866,0.000204
7500,OST,32,0.000926,0.000259
7600,BST,25,0.000887,0.000254
7600,OST,25,0.000931,0.000242
7600,BST,25,0.000869,0.000199
7600,OST,25,0.001286,0.000214
7600,BST,25,0.000847,0.000198
7600,OST,25,0.000924,0.000214
7600,BST,25,0.000837,0.000194
7600,OST,25,0.000898,0.000208
7600,BST,25,0.000889,0.000227
7600,OST,25,0.001037,0.000282
7600,BST,25,0.000847,0.000249
7600,OST,25,0.000981,0.000253
7600,BST,25,0.000829,0.000200
7600,OST,25,0.000916,0.000216
7600,BST,25,0.001033,0.000193
7600,OST,25,0.000905,0.000249
7600,BST,25,0.000863,0.000228
7600,OST,25,0.000947,0.000214
7600,BST,25,0.000991,0.000198
7600,OST,25,0.000992,0.000215
7700,BST,29,0.000921,0.000202
7700,OST,29,0.000931,0.000218
7700,BST,29,0.000853,0.000209
7700,OST,29,0.000942,0.000224
7700,BST,29,0.000869,0.000206
7700,OST,29,0.000934,0.000224
7700,BST,29,0.000849,0.000235
7700,OST,29,0.000932,0.000225
7700,BST,29,0.000872,0.000207
7700,OST,29,0.000930,0.000224
7700,BST,29,0.000875,0.000206
7700,OST,29,0.000949,0.000223
7700,BST,29,0.000853,0.000208
7700,OST,29,0.000943,0.000224
7700,BST,29,0.000875,0.000207
7700,OST,29,0.000937,0.000223
7700,BST,29,0.000859,0.000209
7700,OST,29,0.000931,0.000224
7700,BST,29,0.000866,0.000305
7700,OST,29,0.000991,0.000220
7800,BST,32,0.000906,0.000216
7800,OST,32,0.001050,0.000218
7800,BST,32,0.000890,0.000250
7800,OST,32,0.001064,0.000212
7800,BST,32,0.000900,0.000212
7800,OST,32,0.000991,0.000219
7800,BST,32,0.000884,0.000201
7800,OST,32,0.001112,0.000217
7800,BST,32,0.001084,0.000209
7800,OST,32,0.001046,0.000217
7800,BST,32,0.000877,0.000195
7800,OST,32,0.001076,0.000212
7800,BST,32,0.000925,0.000299
7800,OST,32,0.000987,0.000219
7800,BST,32,0.000908,0.000196
7800,OST,32,0.000962,0.000213
7800,BST,32,0.000885,0.000211
7800,OST,32,0.000995,0.000218
7800,BST,32,0.001052,0.000201
7800,OST,32,0.000962,0.000217
7900,BST,26,0.001007,0.000188
7900,OST,26,0.001022,0.000203
7900,BST,26,0.000923,0.000190
7900,OST,26,0.001098,0.000207
7900,BST,26,0.000925,0.000238
7900,OST,26,0.001000,0.000208
7900,BST,26,0.000925,0.000186
7900,OST,26,0.001020,0.000203
7900,BST,26,0.001255,0.000198
7900,OST,26,0.001106,0.000218
7900,BST,26,0.000869,0.000265
7900,OST,26,0.001007,0.000376
7900,BST,26,0.000909,0.000191
7900,OST,26,0.000987,0.000207
7900,BST,26,0.000918,0.000192
7900,OST,26,0.000999,0.000207
7900,BST,26,0.000995,0.000201
7900,OST,26,0.001142,0.000223
7900,BST,26,0.000920,0.000202
7900,OST,26,0.001024,0.000237
8000,BST,27,0.000956,0.000201
8000,OST,27,0.001119,0.000213
8000,BST,27,0.000937,0.000206
8000,OST,27,0.001062,0.000222
8000,BST,27,0.000920,0.000204
8000,OST,27,0.000996,0.000232
8000,BST,27,0.000929,0.000200
8000,OST,27,0.000968,0.000217
8000,BST,27,0.000966,0.000217
8000,OST,27,0.001014,0.000228
8000,BST,27,0.001043,0.000206
8000,OST,27,0.001002,0.000222
8000,BST,27,0.000922,0.000204
8000,OST,27,0.001032,0.000297
8000,BST,27,0.001198,0.000201
8000,OST,27,0.000976,0.000218
8000,BST,27,0.000939,0.000200
8000,OST,27,0.001010,0.000379
8000,BST,27,0.000924,0.000215
8000,OST,27,0.001006,0.000239
8100,BST,32,0.000966,0.000232
8100,OST,32,0.001001,0.000244
8100,BST,32,0.001076,0.000254
8100,OST,32,0.001014,0.000276
8100,BST,32,0.000930,0.000306
8100,OST,32,0.001028,0.000247
8100,BST,32,0.000996,0.000226
8100,OST,32,0.001212,0.000246
8100,BST,32,0.000928,0.000225
8100,OST,32,0.001014,0.000272
8100,BST,32,0.000926,0.000245
8100,OST,32,0.001002,0.000245
8100,BST,32,0.000931,0.000226
8100,OST,32,0.001025,0.000246
8100,BST,32,0.000947,0.000220
8100,OST,32,0.001033,0.000430
8100,BST,32,0.000958,0.000235
8100,OST,32,0.001016,0.000246
8100,BST,32,0.001002,0.000226
8100,OST,32,0.001006,0.000255
8200,BST,26,0.000986,0.000201
8200,OST,26,0.001040,0.000217
8200,BST,26,0.000928,0.000201
8200,OST,26,0.001010,0.000219
8200,BST,26,0.000945,0.000202
8200,OST,26,0.001031,0.000219
8200,BST,26,0.000944,0.000201
8200,OST,26,0.001019,0.000242
8200,BST,26,0.000914,0.000204
8200,OST,26,0.001016,0.000220
8200,BST,26,0.001219,0.000213
8200,OST,26,0.001031,0.000219
8200,BST,26,0.000910,0.000198
8200,OST,26,0.000994,0.000215
8200,BST,26,0.001149,0.000203
8200,OST,26,0.001099,0.000218
8200,BST,26,0.000945,0.000201
8200,OST,26,0.001012,0.000229
8200,BST,26,0.001127,0.000235
8200,OST,26,0.001019,0.000212
8300,BST,34,0.001058,0.000207
8300,OST,34,0.001046,0.000252
8300,BST,34,0.000969,0.000212
8300,OST,34,0.001162,0.000231
8300,BST,34,0.000950,0.000225
8300,OST,34,0.001023,0.000226
8300,BST,34,0.001065,0.000213
8300,OST,34,0.001133,0.000230
8300,BST,34,0.000964,0.000213
8300,OST,34,0.001109,0.000231
8300,BST,34,0.000956,0.000213
8300,OST,34,0.001057,0.000230
8300,BST,34,0.001033,0.000207
8300,OST,34,0.001061,0.000223
8300,BST,34,0.000973,0.000212
8300,OST,34,0.001039,0.000231
8300,BST,34,0.000950,0.000212
8300,OST,34,0.001033,0.000231
8300,BST,34,0.001105,0.000229
8300,OST,34,0.001182,0.000236
8400,BST,29,0.001740,0.000237
8400,OST,29,0.001078,0.000254
8400,BST,29,0.000999,0.000270
8400,OST,29,0.001080,0.000249
8400,BST,29,0.001094,0.000246
8400,OST,29,0.001217,0.000256
8400,BST,29,0.001138,0.000252
8400,OST,29,0.001243,0.000249
8400,BST,29,0.000979,0.000248
8400,OST,29,0.001060,0.000256
8400,BST,29,0.000962,0.000238
8400,OST,29,0.001089,0.000255
8400,BST,29,0.001026,0.000251
8400,OST,29,0.001158,0.000256
8400,BST,29,0.000971,0.000239
8400,OST,29,0.001071,0.000294
8400,BST,29,0.001038,0.000237
8400,OST,29,0.001102,0.000255
8400,BST,29,0.000981,0.000237
8400,OST,29,0.001063,0.000255
8500,BST,26,0.001037,0.000231
8500,OST,26,0.001074,0.000252
8500,BST,26,0.000991,0.000318
8500,OST,26,0.001075,0.000300
8500,BST,26,0.000997,0.000269
8500,OST,26,0.001074,0.000252
8500,BST,26,0.001014,0.000270
8500,OST,26,0.001071,0.000251
8500,BST,26,0.001030,0.000237
8500,OST,26,0.001219,0.000256
8500,BST,26,0.001123,0.000247
8500,OST,26,0.001068,0.000256
8500,BST,26,0.001013,0.000231
8500,OST,26,0.001103,0.000250
8500,BST,26,0.000994,0.000238
8500,OST,26,0.001094,0.000258
8500,BST,26,0.001090,0.000248
8500,OST,26,0.001079,0.000258
8500,BST,26,0.001068,0.000231
8500,OST,26,0.001123,0.000251
8600,BST,28,0.001006,0.000242
8600,OST,28,0.001076,0.000270
8600,BST,28,0.001009,0.000240
8600,OST,28,0.001084,0.000272
8600,BST,28,0.000993,0.000242
8600,OST,28,0.001146,0.000261
8600,BST,28,0.001006,0.000236
8600,OST,28,0.001122,0.000254
8600,BST,28,0.001149,0.000240
8600,OST,28,0.001082,0.000262
8600,BST,28,0.000997,0.000254
8600,OST,28,0.001082,0.000255
8600,BST,28,0.001163,0.000255
8600,OST,28,0.001095,0.000254
8600,BST,28,0.001074,0.000241
8600,OST,28,0.001095,0.000271
8600,BST,28,0.001174,0.000289
8600,OST,28,0.001458,0.000300
8600,BST,28,0.000996,0.000241
8600,OST,28,0.001253,0.000260
8700,BST,27,0.001054,0.000252
8700,OST,27,0.001169,0.000288
8700,BST,27,0.001060,0.000223
8700,OST,27,0.001128,0.000330
8700,BST,27,0.001006,0.000258
8700,OST,27,0.001089,0.000238
8700,BST,27,0.001116,0.000225
8700,OST,27,0.001110,0.000274
8700,BST,27,0.001212,0.000219
8700,OST,27,0.001114,0.000235
8700,BST,27,0.001024,0.000218
8700,OST,27,0.001143,0.000247
8700,BST,27,0.001243,0.000227
8700,OST,27,0.001196,0.000236
8700,BST,27,0.001021,0.000217
8700,OST,27,0.001096,0.000239
8700,BST,27,0.001028,0.000211
8700,OST,27,0.001152,0.000230
8700,BST,27,0.001009,0.000218
8700,OST,27,0.001109,0.000237
8800,BST,32,0.001068,0.000311
8800,OST,32,0.001276,0.000265
8800,BST,32,0.001068,0.000239
8800,OST,32,0.001150,0.000265
8800,BST,32,0.001077,0.000366
8800,OST,32,0.001162,0.000289
8800,BST,32,0.001059,0.000312
8800,OST,32,0.001221,0.000342
8800,BST,32,0.001164,0.000259
8800,OST,32,0.001181,0.000306
8800,BST,32,0.001070,0.000244
8800,OST,32,0.001186,0.000274
8800,BST,32,0.001074,0.000249
8800,OST,32,0.001144,0.000256
8800,BST,32,0.001083,0.000238
8800,OST,32,0.001357,0.000297
8800,BST,32,0.001274,0.000238
8800,OST,32,0.001164,0.000297
8800,BST,32,0.001105,0.000255
8800,OST,32,0.001153,0.000265
8900,BST,29,0.001625,0.000237
8900,OST,29,0.001151,0.000257
8900,BST,29,0.001060,0.000238
8900,OST,29,0.001137,0.000291
8900,BST,29,0.001030,0.000232
8900,OST,29,0.001107,0.000250
8900,BST,29,0.001043,0.000232
8900,OST,29,0.001143,0.000250
8900,BST,29,0.001036,0.000237
8900,OST,29,0.001221,0.000256
8900,BST,29,0.001054,0.000247
8900,OST,29,0.001145,0.000258
8900,BST,29,0.001051,0.000235
8900,OST,29,0.001132,0.000280
8900,BST,29,0.001039,0.000236
8900,OST,29,0.001131,0.000266
8900,BST,29,0.001144,0.000236
8900,OST,29,0.001278,0.000266
8900,BST,29,0.001089,0.000239
8900,OST,29,0.001148,0.000257
9000,BST,31,0.001325,0.000217
9000,OST,31,0.001322,0.000235
9000,BST,31,0.001086,0.000222
9000,OST,31,0.001135,0.000241
9000,BST,31,0.001214,0.000215
9000,OST,31,0.001141,0.000235
9000,BST,31,0.001037,0.000220
9000,OST,31,0.001131,0.000242
9000,BST,31,0.001166,0.000217
9000,OST,31,0.001155,0.000278
9000,BST,31,0.001053,0.000215
9000,OST,31,0.001351,0.000234
9000,BST,31,0.001050,0.000221
9000,OST,31,0.001149,0.000241
9000,BST,31,0.001048,0.000265
9000,OST,31,0.001133,0.000258
9000,BST,31,0.001046,0.000258
9000,OST,31,0.001187,0.000318
9000,BST,31,0.001144,0.000220
9000,OST,31,0.001123,0.000242
9100,BST,29,0.001111,0.000238
9100,OST,29,0.001385,0.000305
9100,BST,29,0.001082,0.000237
9100,OST,29,0.001203,0.000352
9100,BST,29,0.001113,0.000234
9100,OST,29,0.001183,0.000354
9100,BST,29,0.001100,0.000237
9100,OST,29,0.001171,0.000257
9100,BST,29,0.001106,0.000247
9100,OST,29,0.001195,0.000275
9100,BST,29,0.001100,0.000236
9100,OST,29,0.001183,0.000267
9100,BST,29,0.001084,0.000247
9100,OST,29,0.001191,0.000257
9100,BST,29,0.001099,0.000269
9100,OST,29,0.001184,0.000252
9100,BST,29,0.001248,0.000231
9100,OST,29,0.001217,0.000250
9100,BST,29,0.001122,0.000246
9100,OST,29,0.001352,0.000266
9200,BST,28,0.001082,0.000272
9200,OST,28,0.001169,0.000275
9200,BST,28,0.001072,0.000255
9200,OST,28,0.001166,0.000285
9200,BST,28,0.001173,0.000247
9200,OST,28,0.001222,0.000307
9200,BST,28,0.001112,0.000286
9200,OST,28,0.001186,0.000269
9200,BST,28,0.001082,0.000263
9200,OST,28,0.001184,0.000274
9200,BST,28,0.001110,0.000254
9200,OST,28,0.001383,0.000276
9200,BST,28,0.001083,0.000352
9200,OST,28,0.001247,0.000275
9200,BST,28,0.001157,0.000246
9200,OST,28,0.001300,0.000268
9200,BST,28,0.001122,0.000363
9200,OST,28,0.001263,0.000276
9200,BST,28,0.001089,0.000254
9200,OST,28,0.001172,0.000275
9300,BST,27,0.001422,0.000275
9300,OST,27,0.001319,0.000280
9300,BST,27,0.001145,0.000250
9300,OST,27,0.001218,0.000268
9300,BST,27,0.001417,0.000248
9300,OST,27,0.001279,0.000279
9300,BST,27,0.001109,0.000248
9300,OST,27,0.001193,0.000268
9300,BST,27,0.001110,0.000248
9300,OST,27,0.001324,0.000277
9300,BST,27,0.001206,0.000246
9300,OST,27,0.001188,0.000278
9300,BST,27,0.001112,0.000279
9300,OST,27,0.001194,0.000390
9300,BST,27,0.001086,0.000257
9300,OST,27,0.001169,0.000261
9300,BST,27,0.001130,0.000252
9300,OST,27,0.001294,0.000261
9300,BST,27,0.001147,0.000247
9300,OST,27,0.001188,0.000342
9400,BST,29,0.001312,0.000287
9400,OST,29,0.001675,0.000342
9400,BST,29,0.001116,0.000280
9400,OST,29,0.001195,0.000287
9400,BST,29,0.001119,0.000277
9400,OST,29,0.001218,0.000288
9400,BST,29,0.001120,0.000262
9400,OST,29,0.001179,0.000295
9400,BST,29,0.001183,0.000269
9400,OST,29,0.001236,0.000287
9400,BST,29,0.001125,0.000310
9400,OST,29,0.001219,0.000290
9400,BST,29,0.001173,0.000281
9400,OST,29,0.001257,0.000290
9400,BST,29,0.001107,0.000270
9400,OST,29,0.001210,0.000289
9400,BST,29,0.001393,0.000300
9400,OST,29,0.001300,0.000282
9400,BST,29,0.001132,0.000261
9400,OST,29,0.001196,0.000336
9500,BST,27,0.001131,0.000267
9500,OST,27,0.001304,0.000261
9500,BST,27,0.001138,0.000247
9500,OST,27,0.001411,0.000293
9500,BST,27,0.001135,0.000247
9500,OST,27,0.001277,0.000310
9500,BST,27,0.001181,0.000237
9500,OST,27,0.001251,0.000260
9500,BST,27,0.001119,0.000234
9500,OST,27,0.001221,0.000255
9500,BST,27,0.001196,0.000237
9500,OST,27,0.001261,0.000271
9500,BST,27,0.001125,0.000266
9500,OST,27,0.001241,0.000260
9500,BST,27,0.001222,0.000238
9500,OST,27,0.001268,0.000271
9500,BST,27,0.001229,0.000232
9500,OST,27,0.001202,0.000252
9500,BST,27,0.001200,0.000237
9500,OST,27,0.001244,0.000395
9600,BST,31,0.001218,0.000254
9600,OST,31,0.001218,0.000286
9600,BST,31,0.001140,0.000310
9600,OST,31,0.001347,0.000367
9600,BST,31,0.001137,0.000259
9600,OST,31,0.001218,0.000289
9600,BST,31,0.001187,0.000320
9600,OST,31,0.001228,0.000339
9600,BST,31,0.001234,0.000287
9600,OST,31,0.001398,0.000270
9600,BST,31,0.001155,0.000256
9600,OST,31,0.001234,0.000277
9600,BST,31,0.001190,0.000258
9600,OST,31,0.001483,0.000283
9600,BST,31,0.001167,0.000257
9600,OST,31,0.001247,0.000401
9600,BST,31,0.001121,0.000265
9600,OST,31,0.001246,0.000277
9600,BST,31,0.001279,0.000257
9600,OST,31,0.001383,0.000278
9700,BST,29,0.001310,0.000257
9700,OST,29,0.001399,0.000279
9700,BST,29,0.001170,0.000264
9700,OST,29,0.001258,0.000273
9700,BST,29,0.001278,0.000259
9700,OST,29,0.001259,0.000279
9700,BST,29,0.001263,0.000258
9700,OST,29,0.001273,0.000331
9700,BST,29,0.001182,0.000318
9700,OST,29,0.001351,0.000330
9700,BST,29,0.001223,0.000258
9700,OST,29,0.001293,0.000282
9700,BST,29,0.001292,0.000268
9700,OST,29,0.001264,0.000279
9700,BST,29,0.001385,0.000268
9700,OST,29,0.001317,0.000280
9700,BST,29,0.001158,0.000269
9700,OST,29,0.001265,0.000281
9700,BST,29,0.001170,0.000267
9700,OST,29,0.001260,0.000279
9800,BST,38,0.001322,0.000289
9800,OST,38,0.001295,0.000319
9800,BST,38,0.001199,0.000296
9800,OST,38,0.001293,0.000316
9800,BST,38,0.001196,0.000307
9800,OST,38,0.001307,0.000317
9800,BST,38,0.001374,0.000326
9800,OST,38,0.001348,0.000310
9800,BST,38,0.001294,0.000308
9800,OST,38,0.001301,0.000317
9800,BST,38,0.001209,0.000295
9800,OST,38,0.001297,0.000316
9800,BST,38,0.001298,0.000287
9800,OST,38,0.001408,0.000309
9800,BST,38,0.001443,0.000294
9800,OST,38,0.001300,0.000326
9800,BST,38,0.001196,0.000303
9800,OST,38,0.001311,0.000317
9800,BST,38,0.001372,0.000329
9800,OST,38,0.001306,0.000310
9900,BST,27,0.001178,0.000241
9900,OST,27,0.001277,0.000253
9900,BST,27,0.001166,0.000235
9900,OST,27,0.001282,0.000283
9900,BST,27,0.001186,0.000231
9900,OST,27,0.001297,0.000253
9900,BST,27,0.001197,0.000232
9900,OST,27,0.001272,0.000263
9900,BST,27,0.001207,0.000282
9900,OST,27,0.001382,0.000247
9900,BST,27,0.001392,0.000230
9900,OST,27,0.001327,0.000252
9900,BST,27,0.001342,0.000240
9900,OST,27,0.001265,0.000251
9900,BST,27,0.001438,0.000226
9900,OST,27,0.001270,0.000284
9900,BST,27,0.001164,0.000230
9900,OST,27,0.001467,0.000252
9900,BST,27,0.001376,0.000234
9900,OST,27,0.001285,0.000252
10000,BST,29,0.001209,0.000263
10000,OST,29,0.001519,0.000285
10000,BST,29,0.001292,0.000262
10000,OST,29,0.001364,0.000286
10000,BST,29,0.001205,0.000351
10000,OST,29,0.001516,0.000322
10000,BST,29,0.001202,0.000280
10000,OST,29,0.001315,0.000286
10000,BST,29,0.001220,0.000295
10000,OST,29,0.001306,0.000279
10000,BST,29,0.001218,0.000255
10000,OST,29,0.001393,0.000279
10000,BST,29,0.001229,0.000262
10000,OST,29,0.001316,0.000324
10000,BST,29,0.001211,0.000262
10000,OST,29,0.001356,0.000295
10000,BST,29,0.001300,0.000263
10000,OST,29,0.001323,0.000323
10000,BST,29,0.001241,0.000435
10000,OST,29,0.001301,0.000334
